OGTD;NORMAL;LAT;LON
Rocca Pisana; Lonigo; 45.3945696;11.4012069
Villa da Schio; Longare; 45.5309057;11.4264616
Villa Saraceno; Agugliaro; 45.31275;11.5640443
Villa Repeta Bessan; Campiglia dei Berici; 45.342357;11.5372698
Villa Fadinelli; Creazzo; 45.5375398;11.4637762
Villa Vo; Vo Pindemonte; 45.3084367;10.9802184
Villa Barbaro; Bovolone; 45.258104;11.1148041
Villa Venier; Sommacampagna; 45.4114795;10.8447188
Villa Pisani;Stra;45.4083143;12.0103762
Villa Soranzo; Scorzè; 45.5700998;12.1059848
Villa Molena; Mirano;45.4945669;12.1092567
Villa Mocenigo; Fossalta di Piave;45.4709057;12.109866
Villa Foscari; Malcontenta; 45.4349376;12.2004138
Villa Ferretti; Sambruson; 45.4260188;12.0838789
Villa Farsetti; Santa Maria di Sala; 45.5069409;12.0312923
Ca' Toffetti; Stra; 45.4109114;12.009888
Villa Godi; Lugo di Vicenza; 45.7456649;11.5345143
Villa Scroffa; Longa; 45.4697264;11.6244475
Villa Beragan; Thiene; 45.6838338;11.4825167
Villa Thiene; Quinto Vicentino; 45.5730783;11.623641
Villa Dolfin; Campolongo; 45.3856557;11.4855735
Villa Valle; Valdagno; 45.6434444;11.297341
Villa D'Arco; Corno Alto; 45.468971;10.9008783
Villa Trissino; Meledo; 45.4246053;10.9973605
Santa Sofia; Pedemonte; 45.4992263;10.9223839
Villa Canossa; Garda; 45.578602;10.6840985
Villa Pompei-Carlotti;Illasi; 45.4661905;11.1800015
Villa Del Bene; Volargne;45.5455966;10.8177946
Villa della Torre; Fumane; 45.539923;10.8745323
Villa Lorenzi; Canzago; 45.5511971;10.9122834
Villa Mosconi Bertani; Negrar; 45.503558;10.9442553
Villa Rizzardi; Negrar; 45.5338211;10.9432695
Villa Arrighi; Verona; 45.4820165;11.0616705
Villa Murari Bra; Arbizzano Santa Maria; 45.5030966;10.9338648
Villa Pompei Carlotti; Illasi; 45.4661905;11.1800015
Villa Pellegrini; Castion Veronese; 45.4661905;11.1800015
Palazzo Vescovile; Monteforte d'Alpone; 45.4225112;11.2832279
Villa Mocenigo; Oriago; 45.4709057;12.109866
Villa Morosini; Altavilla Vicentina; 45.5097003;11.4644981
Tenuta Polvaro; Annone Veneto; 45.7692951;12.6946412
Villa Pozzi; Venezia; 45.4935329;12.2199186
Villa Fasoli Ceresa; Venezia; 45.4846885;12.2179735
Villa Bragadin; Ceggia; 45.6921481;12.6698435
Palazzo Malipiero; Venezia; 45.4332488;12.3257848
Villa Barbo; Dolo; 45.426097;12.0846338
Villa Brusoni; Dolo; 45.428722;12.1078913
Villa Badoer Fattoretto; Sambruson; 45.4250669;12.0939182
Villa Morosini; Caorle; 45.9269684;12.3435581
Villa Settecentesca; Camponogara; 45.3832796;12.0693445
Villa San Giacomo; Dolo; 45.4237209;12.0733638
Villa Concina; Dolo; 45.4241731;12.0730703
Villa Loredan; Stra; 45.4072826;12.006783
Villa Querini; Pianiga; 45.4563385;12.027315
Villa Badoer De Chantal; Dolo; 45.42551;12.0939863
Casa Canonica; Mira; 45.432931;12.1129483
Villa Corrò; Marano; 45.4507813;12.124121
Villa Valier; Mira; 45.4507813;12.124121
Villa Benzi Smania; Stra; 45.4101193;12.0155209
Villa Tito; Dolo; 45.4257966;12.0980429
Palazzo Venier; Dolo; 45.425033;12.0770863
Accesso a La Malcontenta; Mira; 45.4372171;12.1413602
Villa Olanda; Mira; 45.4347538;12.134206
Comune di Mira; Mira; 45.4327848;12.1213049
Villa dei Leoni; Mira; 45.4252626;12.1221935
Villa XXV Aprile; Mirano; 45.4937629;12.0991327
Villa Valmarana; Mira; 45.4936772;11.9634285
Comune di Mirano; Mirano; 45.4780715;12.082703
Municipio Campagna Lupia; Campagna Lupia;45.3537337;12.0961819
Villa Contarini; Mira; 45.4316897;12.1092663
Ca' della Nave; Martellago; 45.5479546;12.152896
Castello di Stigliano; Santa Maria di Sala; 45.5274058;12.0495128
Villa dei Villa; Fratta Polesine; 45.0316734;11.6392122
Villa Colleoni; Lendinara; 45.085332;11.5966875
Ca' Zen; Taglio di Po; 45.0171271;12.1732952
Comune Arquà Polesine; Arquà Polesine; 44.9240307;11.6102589
Municipio Villadose; Villadose; 45.07397;11.8869813
Villa Morosini; Polesella; 44.9624046;11.7612656
Villa Nani; Canda; 45.0278294;11.5025257
Villa Ca' Tiepolo; Rosolina; 45.0039886;12.2577043
Villa Campana, Gerardis, Pellegrini; Belluno; 46.1407676;12.2038834
Villa Cassol; Santa Giustina; 46.1188805;12.0899402
Villa Crotta, De Manzoni; Agordo; 46.281472;12.0312973
Villa Zanussi, La Vigna; Belluno; 46.1523106;12.2067029
Villa Barpo, Miari, Zampieri, di Cor; Belluno; 46.112070;12.215165
Villa Salce, Mantelli, Marcon; Feltre; 46.059147;11.8813258
Villa Mauro, Marin-Corte; Cesiomaggiore; 46.0804814;11.9659055
Villa Angeli, Sarenthein; Fonzaso; 46.0185258;11.797175
Castel Lusa; Feltre; 46.0671125;11.9247869
Palazzo del Comune; Mel; 46.2449428;11.6370473
Villa De Pantz; Fonzaso; 46.016792;11.8007688
Villa Nasci Bonsembiante; Feltre; 46.016767;11.9072827
Villa Marsiai, San Francesco; Pedavena; 46.0309673;11.8623515
Villa Rudio, Rossi, Benetta, De Pr‡; Belluno; 46.1630704;12.2241868
Villa Miari Fulcis; Belluno; 46.1329238;12.250762
Villa Zaglio; Belluno; 46.119842;12.1743312
Palazzo ottocentesco; Trichiana; 46.0738018;12.1326378
Villa Villabruna, Marsiai, Cossalter, Cagnan; Feltre; 46.041265;11.9306869
Villa Piloni, De Salvador; Belluno; 46.074133;12.163429
Villa Navasa, Migliorini, Frigimelica; Belluno; 46.164702;12.1806887
Villa Pera, Riello; Gaiarine; 45.8724221;12.4827608
Villa Riccati, Avogadro degli Azzoni; Castelfranco Veneto; 45.6722402;11.9298438
Villa Emiliani, Ca' Miane; Riese Pio X; 45.7093381;11.9100129
Villa Barbaro, Basadonna, Manin, Giacomelli, Volpi; Maser; 45.8121349;11.9743833
Villa Emo; Vedelago; 45.711692;11.9891183
Villa Sandi, Sernagiotto, Cassis; Crocetta del Montello; 45.8182033;12.0350282
Villa Spineda, Dal Vesco, Suppiej; Breda di Piave; 45.7769644;12.0933967
Villa Fietta, Serena; Asolo; 45.8004997;11.9144754
Resti di villa Da Lezze, Il Castello; San Biagio di Callalta; 45.6567704;12.4125605
Villa Lippomano, Querini Stampalia, Dall'Armi, Valeri Manera; San Vendemiano; 45.8997644;12.3207872
Villa Gera; Conegliano; 45.8886807;12.29248
Villa Morosini, Lucheschi; Colle Umberto; 44.9624046;11.7612656
Villa Navagero, Erizzo, Bandini, Della Rovere; San Biagio di Callalta; 45.678442;12.3984733
Villa Andretta; Castelfranco Veneto; 45.6827945;13.1306693
Villa De Reali, Di Canossa; Casier; 45.6352606;12.2551797
Villa Bragadin, Ruberti; Carbonera; 45.7244546;12.2912301
Villa Di Rovero; San Zenone degli Ezzelini; 45.7805001;11.8382332
Villa Tiepolo, Galvani Onigo, Marcello del Majno; Fontanelle; 45.6781468;12.2820787
Ca' Riva, Son, Bornia; Silea; 45.617164;12.3366611
Villa Montalban, Ghetti; Conegliano; 46.1719678;12.2489763
Palazzo Bonfandini, Lucatello, Vio; Cessalto; 45.7142616;12.5854349
Ca' Zorzi, Moresco, Beltrame; Castello di Godego; 45.6945144;11.8782454
Villa De Toffoli, Canel; Farra di Soligo; 45.8995607;12.0978072
Villa Bressa, De Toffoli, Minuto Rizzo; Farra di Soligo; 45.912066;12.1451795
Villa Letizia, Wassermann; Giavera del Montello; 45.803168;12.1705003
Villa Zanatta, Vianello, Uria Polles, Corletto; Giavera del Montello; 45.799944;12.1722737
Villa Semenzi, Cornaggia, Cappello, Morpurgo, Paccagnella; Conegliano; 45.8971964;12.3060729
Villa Labia, Florian, Guerra, Cosatto, Motka; Paese; 45.7196802;12.1498501
Villa Doglioni, Palatini; Vittorio Veneto; 45.974011;12.2814593
Ca' Biscaro, Zenobio, Alveri; Treviso; 45.6885194;12.2153908
Villa Altan, Sandre; Gaiarine; 45.8641441;12.5150166
Villa Emo Capodilista, Varotari Dario, Vassillacchi Antonio detto "l'Aliense"; Selvazzano Dentro; 45.385309;11.765987
Villa Suppiej Penasa Giaretta detta "Villa Gemma", Urbani Marino; Noventa Padovana; 45.407054;11.960483
Villa Manzoni, Urbani Andrea; Noventa Padovana; 45.414007;11.965405
Villa Vendramin, Urbani Andrea; Noventa Padovana; 45.413577;11.949135
Villa Giustinian, Urbani Andrea; Noventa Padovana; 45.414909;11.966801
Villa Tretti, Torres Giuseppe; Campodoro; 45.514426;11.736444
Villa Bigolino, Sustris Lamberto, Padovano Gualtiero; Selvazzano Dentro; 45.394413;11.784933
Villa Pisani, Selvatico Pietro, Varotari Dario il Vecchio; Vescovana; 45.133894;11.707995
Villa Duodo, Scamozzi Vincenzo, Tirali Andrea; Monselice; 45.241280;11.758779
Villa Contarini, Scamozzi Vincenzo; Este; 45.235944;11.655260
Villa Capello, Scamozzi Vincenzo; Este; 45.221903;11.669222
Villa Piacentini, Scamozzi Vincenzo; Monselice; 45.240232;11.755884
Villa Emo, Scamozzi Vincenzo; Monselice; 45.272801;11.772357
Villa Molin, Scamozzi Vincenzo; Padova; 45.362445;11.839612
Villa Garzoni, Sansovino Jacopo; Candiana; 45.217619;11.962833
Palazzo Barbaro, Sansovino Jacopo; Piove di Sacco; 45.298404;12.035949
Casa canonica di San Martino di Lupari; San Martino di Lupari; 45.648068;11.853152
Palazzo Sambonifacio, Peruzzi Baldassarre, Bevilacqua Carlo; Villa Estense; 45.172696;11.668220
Villa Corner; Piombino Dese; 45.607245;11.999433
Villa Contarini; Piazzola sul Brenta; 45.544213;11.785269
Villa Paccagnella, Palladio Andrea; Piazzola sul Brenta; 45.568034;11.745347
Villa Pisani, Palladio Andrea; Montagnana; 45.230468;11.469559
Barchessa di villa Thiene, Palladio Andrea; Villafranca Padovana; 45.503213;11.792026
Villa Giustiniani, Palladio Andrea; San Pietro Viminario;45.232302;11.819236
Villa Da Rio, Padovano Gualtiero; Rovolon; 45.368547;11.666246
Villa Zigno, Moroni Andrea, Da Valle Andrea; Vigodarzere; 45.455637;11.865175
Villa Tosi, Longhena Baldassarre; Rovolon; 45.380639;11.613507
Villa Wildman, Longhena Baldassarre; Bagnoli di Sopra; 45.184373;11.883541
Villa Rosa, Longhena Baldassarre; Teolo; 45.353115;11.736032
Ca' Bertana, Lombardo; Monselice; 45.239202;11.754987
Villa Penada, Jappelli Giuseppe; Padova; 45.358680;11.895090
Villa Papafava dei Carraresi; Rovolon; 45.388266;11.682248
Villa Cittadella Vigodarzere; Saonara; 45.363288;11.990297
Palazzo Stufferi Malmignati; Lendinara; 45.083030;11.594934
Rustico Casalini; Villadose; 45.082079;11.913333
Rustico Grimani; Rovigo; 45.086310;11.700191
Villa Badoer ; Fratta Polesine; 45.030491;11.640079
Casa De Zaccaria; Lendinara; 45.084322;11.594730
Villa Grimani; Fratta Polesine; 45.029439;11.640766
Villa Bellettato; Fratta Polesine; 45.025468;11.640413
Casa Baschiera; Lendinara; 45.083970;11.599497
Villa dei Villa ; Fratta Polesine; 45.031715;11.641455
Villa David Franchin; Fratta Polesine; 45.033398;11.642812
Villa Oroboni; Fratta Polesine; 45.032257;11.644062
Villa Cagnoni Boniotti; Villamarzana; 45.023048;11.677593
Villa Martelli; Canaro; 44.916972;11.666443
Ca' Zen Avanzo; Taglio di Po; 45.019978;12.181992
Villa Patella detta del Doge; Villadose; 45.073659;11.889290
Villa Cappello; Pontecchio Polesine; 45.018732;11.807538
Corte Grimani; Pettorazza Grimani; 45.136440;11.988381
Casa Bighetti; Costa di Rovigo; 45.050202;11.697790
Villa Campanari; Fratta Polesine; 45.031885;11.640842
Villa Mangilli Valmarana; San Martino di Venezze; 45.131291;11.868790
Villa Trebbi; Trecenta; 45.030802;11.461106
Ca' Tiepolo o Vianelli detto Palazzo Vianelli; Rosolina; 45.059596;12.343683
Villa Armellini detta Casa delle Sette Teste; Polesella; 44.964761;11.748309
Villa Colognesi; Fiesso Umbertiano; 44.961493;11.612073
Villa Pepoli; Trecenta; 45.033597;11.459519