OGTD;NORMAL;LAT;LON
Rocca Pisana; Lonigo; 45.3945696;11.4012069
Villa da Schio; Longare; 45.5309057;11.4264616
Villa Saraceno; Agugliaro; 45.31275;11.5640443
Villa Repeta Bessan; Campiglia dei Berici; 45.342357;11.5372698
Villa Fadinelli; Creazzo; 45.5375398;11.4637762
Villa Vo, Pindemonte; Vo Pindemonte; 45.3084367;10.9802184
Villa Barbaro; Bovolone; 45.258104;11.1148041
Villa Venier; Sommacampagna; 45.4114795;10.8447188
Villa Pisani, detta Nazionale;Stra;45.4083143;12.0103762
Villa Soranzo, Conestabile della Staffa; Scorzè; 45.5700998;12.1059848
Villa Molena; Mirano;45.4945669;12.1092567
Villa Mocenigo; Fossalta di Piave;45.4709057;12.109866
Villa Foscari, detta La Malcontenta; Malcontenta; 45.4349376;12.2004138
Villa Ferretti, Angeli, Nani Mocenigo; Sambruson; 45.4260188;12.0838789
Villa Farsetti, Selvatico; Santa Maria di Sala; 45.5069409;12.0312923
Ca' Toffetti, detta Casino Grande o La Pisanella; Stra; 45.4109114;12.009888
Villa Godi; Lugo di Vicenza; 45.7456649;11.5345143
Villa Scroffa; Longa; 45.4697264;11.6244475
Villa Beragan; Thiene; 45.6838338;11.4825167
Villa Thiene; Quinto Vicentino; 45.5730783;11.623641
Villa Dolfin; Campolongo; 45.3856557;11.4855735
Villa Valle; Valdagno; 45.6434444;11.297341
Villa D'Arco; Corno Alto; 45.468971;10.9008783
Villa Trissino; Meledo; 45.4246053;10.9973605
Santa Sofia; Pedemonte; 45.4992263;10.9223839
Villa Canossa; Garda; 45.578602;10.6840985
Villa Pompei-Carlotti;Illasi; 45.4661905;11.1800015
