OGTD;NORMAL;LAT;LON;LEL;PR
Rocca Pisana; Lonigo; 45.3945696;11.4012069;6106;7
Villa da Schio; Longare; 45.5309057;11.4264616;7092;7
Villa Saraceno; Agugliaro; 45.31275;11.5640443;5588;7
Villa Repeta Bressan; Campiglia dei Berici; 45.342357;11.5372698;5674;7
Villa Fadinelli; Creazzo; 45.5375398;11.4637762;2990;7
Villa Vo; Vo Pindemonte; 45.3084367;10.9802184;5630;3
Villa Barbaro; Bovolone; 45.258104;11.1148041;6860;3
Villa Venier; Sommacampagna; 45.4114795;10.8447188;6576;3
Villa Pisani;Stra;45.4083143;12.0103762;6093;1
Villa Soranzo; Scorzè; 45.5700998;12.1059848;6095;1
Villa Molena; Mirano;45.4945669;12.1092567;2671;1
Villa Foscari; Malcontenta; 45.4349376;12.2004138;7022;1
Villa Ferretti; Dolo; 45.4260188;12.0838789;7023;1
Villa Farsetti; Santa Maria di Sala; 45.5069409;12.0312923;6436;1
Villa Godi; Lugo di Vicenza; 45.7456649;11.5345143;5769;7
Villa Scroffa; Longa; 45.4697264;11.6244475;3022;7
Villa Beragan; Thiene; 45.6838338;11.4825167;2914;7
Villa Thiene; Quinto Vicentino; 45.5730783;11.623641;7017;7
Villa Dolfin; Campolongo; 45.3856557;11.4855735;3047;1
Villa Valle; Valdagno; 45.6434444;11.297341;3207;7
Villa D'Arco; Verona; 45.468971;10.9008783;6732;3
Villa Trissino; Cornedo Vicentino; 45.4246053;10.9973605;7114;7
Santa Sofia; Vo; 45.4992263;10.9223839;5616;2
Villa Canossa; Casier; 45.578602;10.6840985;1364;4
Villa Pompei-Carlotti; Illasi; 45.4661905;11.1800015;6262;3
Villa Del Bene; Dolcè;45.5455966;10.8177946;3731;3
Villa Mosconi Bertani; Negrar; 45.503558;10.9442553;7101;3
Villa Rizzardi; Negrar; 45.5338211;10.9432695;5774;3
Villa Arrighi; Verona; 45.4820165;11.0616705;5864;3
Villa Murari Bra; Arbizzano Santa Maria; 45.5030966;10.9338648;5631;3
Villa Pellegrini; Tregnago; 45.4661905;11.1800015;5968;3
Palazzo Vescovile; Bovolone; 45.4225112;11.2832279;5958;3
Villa Morosini; Altavilla Vicentina; 45.5097003;11.4644981;5250;7
Tenuta Polvaro; Annone Veneto; 45.7692951;12.6946412;2311;1
Villa Pozzi; Venezia; 45.4935329;12.2199186;2316;1
Villa Fasoli Ceresa; Venezia; 45.4846885;12.2179735;2318;1
Villa Bragadin; Ceggia; 45.6921481;12.6698435;2403;1
Palazzo Malipiero; Meolo; 45.6212587;12.4503335;2414;1
Villa Barbo; Dolo; 45.426097;12.0846338;2419;1
Villa Brusoni; Dolo; 45.428722;12.1078913;2426;1
Villa Badoer Fattoretto; Sambruson; 45.4250669;12.0939182;2625;1
Villa Morosini; Caorle; 45.6466511;12.8425263;2472;1
Villa Settecentesca; Camponogara; 45.3832796;12.0693445;2494;1
Villa Toderini; Dolo; 45.4237209;12.0733638;6581;1
Villa Concina; Dolo; 45.4241731;12.0730703;2514;1
Villa Loredan; Stra; 45.4072826;12.006783;2525;1
Villa Querini; Camposampiero; 45.4563385;12.027315;6275;2
Casa Canonica; Mira; 45.432931;12.1129483;2751;1
Villa Corò; Marano; 45.4507813;12.124121;2790;1
Villa Valier; Mira; 45.4507813;12.124121;6118;1
Villa Benzi Smania; Stra; 45.4101193;12.0155209;5352;1
Villa Tito; Dolo; 45.4257966;12.0980429;5375;1
Palazzo Venier; Dolo; 45.425033;12.0770863;5379;1
Villa Olanda; Mira; 45.4347538;12.134206;5400;1
Villa dei Leoni; Mira; 45.4252626;12.1221935;5393;1
Villa XXV Aprile; Mirano; 45.4937629;12.0991327;6169;1
Villa Valmarana; Mira; 45.4413937;12.1443883;5411;1
Comune di Mirano; Mirano; 45.4780715;12.082703;5481;1
Municipio Campagna Lupia; Campagna Lupia;45.3537337;12.0961819;5494;1
Villa Contarini; Mira; 45.4316897;12.1092663;6046;1
Ca' della Nave; Martellago; 45.5479546;12.152896;6078;1
Castello di Stigliano; Santa Maria di Sala; 45.5274058;12.0495128;6528;1
Villa Colleoni; Lendinara; 45.085332;11.5966875;1116;6
Ca' Zen; Taglio di Po; 45.0171271;12.1732952;5908;6
Comune Arquà Polesine; Arquà Polesine; 44.9240307;11.6102589;5935;6
Villa Morosini; Polesella; 44.9624046;11.7612656;6065;6
Villa Nani; Canda; 45.0278294;11.5025257;6937;6
Villa Ca' Tiepolo; Rosolina; 45.0039886;12.2577043;6618;6
Villa Campana, Gerardis, Pellegrini; Belluno; 46.1407676;12.2038834;5;5
Villa Cassol; Santa Giustina; 46.1188805;12.0899402;9;5
Villa Crotta, De Manzoni; Agordo; 46.281472;12.0312973;10;5
Villa Zanussi, La Vigna; Belluno; 46.1523106;12.2067029;28;5
Villa Barpo, Miari, Zampieri, di Cor; Belluno; 46.112070;12.215165;17;5
Villa Salce, Mantelli, Marcon; Feltre; 46.059147;11.8813258;155;5
Villa Mauro, Marin-Corte; Cesiomaggiore; 46.0804814;11.9659055;142;5
Villa Angeli, Sarenthein; Fonzaso; 46.0185258;11.797175;156;5
Castel Lusa; Feltre; 46.0671125;11.9247869;6001;5
Palazzo del Comune; Mel; 46.2449428;11.6370473;5918;5
Villa De Pantz; Fonzaso; 46.016792;11.8007688;159;5
Villa Nasci Bonsembiante; Feltre; 46.016767;11.9072827;177;5
Villa Marsiai, San Francesco; Pedavena; 46.0309673;11.8623515;162;5
Villa Rudio, Rossi, Benetta, De Prà; Belluno; 46.1630704;12.2241868;4882;5
Villa Miari Fulcis; Belluno; 46.1329238;12.250762;6006;5
Villa Giamosa; Belluno; 46.119842;12.1743312;33;5
Palazzo ottocentesco; Trichiana; 46.0738018;12.1326378;6248;5
Villa Villabruna, Marsiai, Cossalter, Cagnan; Feltre; 46.041265;11.9306869;6004;5
Villa Piloni, De Salvador; Belluno; 46.074133;12.163429;85;5
Villa Pera, Riello; Gaiarine; 45.8724221;12.4827608;6546;4
Villa Riccati, Avogadro degli Azzoni; Castelfranco Veneto; 45.6722402;11.9298438;6206;4
Villa Emiliani, Ca' Miane; Riese Pio X; 45.7093381;11.9100129;7079;4
Villa Barbaro, Basadonna, Manin, Giacomelli, Volpi; Maser; 45.8121349;11.9743833;6860;4
Villa Emo; Vedelago; 45.711692;11.9891183;7091;4
Villa Sandi, Sernagiotto, Cassis; Crocetta del Montello; 45.8182033;12.0350282;5257;4
Villa Spineda, Dal Vesco, Suppiej; Breda di Piave; 45.7769644;12.0933967;5336;4
Villa Fietta, Serena; Asolo; 45.8004997;11.9144754;5325;4
Resti di villa Da Lezze, Il Castello; San Biagio di Callalta; 45.6567704;12.4125605;5268;4
Villa Lippomano, Querini Stampalia, Dall'Armi, Valeri Manera; San Vendemiano; 45.8997644;12.3207872;6210;4
Villa Gera; Conegliano; 45.8886807;12.29248;5264;4
Villa Morosini, Lucheschi; Colle Umberto; 44.9624046;11.7612656;5330;4
Villa Navagero, Erizzo, Bandini, Della Rovere; San Biagio di Callalta; 45.678442;12.3984733;1262;4
Villa Andretta; Castelfranco Veneto; 45.6727548;11.9215407;1282;4
Villa De Reali, Di Canossa; Casier; 45.6352606;12.2551797;1364;4
Villa Bragadin, Ruberti; Carbonera; 45.7244546;12.2912301;2403;4
Villa Di Rovero; San Zenone degli Ezzelini; 45.7805001;11.8382332;1382;4
Villa Tiepolo, Galvani Onigo, Marcello del Majno; Fontanelle; 45.6781468;12.2820787;1521;4
Ca' Riva, Son, Bornia; Silea; 45.617164;12.3366611;1585;4
Villa Montalban, Ghetti; Conegliano; 46.1719678;12.2489763;1649;4
Palazzo Bonfandini, Lucatello, Vio; Cessalto; 45.7142616;12.5854349;1663;4
Ca' Zorzi, Moresco, Beltrame; Castello di Godego; 45.6945144;11.8782454;1712;4
Villa De Toffoli, Canel; Farra di Soligo; 45.8995607;12.0978072;1784;4
Villa Bressa, De Toffoli, Minuto Rizzo; Farra di Soligo; 45.912066;12.1451795;1785;4
Villa Sandi; Giavera del Montello; 45.803168;12.1705003;6177;4
Villa Zanatta, Vianello, Uria Polles, Corletto; Giavera del Montello; 45.799944;12.1722737;1800;4
Villa Semenzi, Cornaggia, Cappello, Morpurgo, Paccagnella; Conegliano; 45.8971964;12.3060729;1329;4
Villa Labia, Florian, Guerra, Cosatto, Motka; Paese; 45.7196802;12.1498501;1918;4
Villa Doglioni, Palatini; Vittorio Veneto; 45.974011;12.2814593;5332;4
Ca' Biscaro, Zenobio, Alverà; Treviso; 45.6885194;12.2153908;6228;4
Villa Altan, Sandre; Gaiarine; 45.8641441;12.5150166;6373;4
Villa Emo Capodilista; Selvazzano Dentro; 45.385309;11.765987;5519;2
Villa Vendramin, Urbani Andrea; Noventa Padovana; 45.413577;11.949135;6516;2
Villa Pisani, Selvatico Pietro, Varotari Dario il Vecchio; Vescovana; 45.133894;11.707995;5642;2
Villa Duodo, Scamozzi Vincenzo, Tirali Andrea; Monselice; 45.241280;11.758779;6126;2
Villa Emo, Scamozzi Vincenzo; Monselice; 45.272801;11.772357;7091;2
Villa Molin, Scamozzi Vincenzo; Padova; 45.362445;11.839612;6340;2
Palazzo Sambonifacio, Peruzzi Baldassarre, Bevilacqua Carlo; Villa Estense; 45.172696;11.668220;682;2
Villa Corner; Piombino Dese; 45.607245;11.999433;6135;2
Villa Contarini, Paccagnella, Palladio Andrea; Piazzola sul Brenta; 45.568034;11.745347;6190;2
Villa Pisani; Montagnana; 45.230468;11.469559;644;2
Barchessa di villa Thiene, Palladio Andrea; Villafranca Padovana; 45.503213;11.792026;5528;2
Villa Giustiniani; San Pietro Viminario;45.232302;11.819236;6590;2
Villa Wildmann, Longhena Baldassarre; Bagnoli di Sopra; 45.184373;11.883541;6133;2
Villa Rosa, Longhena Baldassarre; Teolo; 45.353115;11.736032;6746;2
Villa Papafava dei Carraresi; Rovolon; 45.388266;11.682248;5224;2
Villa Cittadella Vigodarzere; Cittadella; 45.363288;11.990297;5617;2
Palazzo Stufferi Malmignati; Lendinara; 45.083030;11.594934;1096;6
Villa Badoer; Fratta Polesine; 45.030491;11.640079;6580;6
Villa Grimani; Fratta Polesine; 45.029439;11.640766;6064;6
Villa dei Villa; Fratta Polesine; 45.031715;11.641455;1025;6
Villa David Franchin; Fratta Polesine; 45.033398;11.642812;1032;6
Villa Oroboni; Fratta Polesine; 45.032257;11.644062;1048;6
Villa Cagnoni Boniotti; Villamarzana; 45.023048;11.677593;1052;6
Villa Martelli; Canaro; 44.916972;11.666443;1090;6
Villa Patella detta del Doge; Villadose; 45.073659;11.889290;5941;6
Villa Cappello; Pontecchio Polesine; 45.018732;11.807538;6062;6
Corte Grimani; Pettorazza Grimani; 45.136440;11.988381;6205;6
Casa Bighetti; Costa di Rovigo; 45.050202;11.697790;5758;6
Villa Campanari; Fratta Polesine; 45.031885;11.640842;6499;6
Villa Mangilli Valmarana; San Martino di Venezze; 45.131291;11.868790;6506;6
Villa Trebbi; Trecenta; 45.030802;11.461106;6508;6
Villa Armellini detta Casa delle Sette Teste; Polesella; 44.964761;11.748309;6889;6
Villa Colognesi; Fiesso Umbertiano; 44.961493;11.612073;6896;6
Villa Pepoli; Trecenta; 45.033597;11.459519;6940;6